id,claim,where,evidence_level,basis,verification_status,reviewer_needed
C01,Radiotherapy prolonged beyond about 55 days is associated with lower pelvic control and survival in cervical cancer,Thesis 52 s1.1 [5],E3,"Petereit 1995: single institution, 209 patients, retrospective; effect not significant in stage IIB",Reference verified in PubMed (PMID 7635769); abstract read,Radiation oncology
C02,Omitting brachytherapy is associated with lower survival,Thesis 52 s1.1 [6],E3,"Han 2013: SEER, 7359 patients, propensity-matched; 4-year OS 58.2% vs 46.2%",Reference verified in PubMed (PMID 23849695); abstract read,Radiation oncology; epidemiology
C03,Women living with HIV have about six times the risk of cervical cancer,Thesis 52 s1.1 [7],E3,"Stelzle 2021 meta-analysis: 24 studies, pooled RR 6.07 (95% CI 4.40-8.37)",Reference verified in PubMed (PMID 33212031); abstract read; volume and pages to confirm,Epidemiology
C04,Pembrolizumab added to chemoradiation improved overall survival in high-risk locally advanced cervical cancer,Thesis 52 s1.1 [3]; demo board forest plot,E5,KEYNOTE-A18 second interim overall survival analysis,Paper exists (PMID 39288779); numbers on the board not re-checked against the paper,Gynaecologic oncology
C05,Six weeks of induction carboplatin-paclitaxel before chemoradiation improved survival,Thesis 52 s1.1 [4]; demo board forest plot,E5,INTERLACE (McCormack 2024),Paper exists (PMID 39419054); design confirmed; survival figures not checked,Gynaecologic oncology
C06,Early palliative care improved quality of life in metastatic non-small-cell lung cancer,Thesis 52 s1.1 [8],E5 (lung cancer only),Temel 2010,Reference verified (PMID 20818875). Extension to a cervical cancer palliative pathway is E0,Palliative care
C07,Earlier oncology decision-support systems were criticised for poor local fit and weak validation,Thesis 52 s2.2 [9],Unsupported,The cited paper (Somashekhar 2018) reports agreement with a tumour board and does not by itself support this,Source needed,Clinical informatics
C08,Tenofovir disoproxil in first-line ART adds to cisplatin kidney toxicity,Thesis 52 s1.1,Unsupported in text,No source given,Source needed; plausible pharmacology but not verified here,HIV medicine; pharmacology
C09,Care planning can be written as a gated action-observation loop,Thesis 52 Chapter 3,E1,Framework specification,Untested; no data,Decision science; oncology
C10,The agent's first-ranked option matches tumour-board decisions (H1),Thesis 52 s3.7,E0,Study 1 protocol,"Not run; needs ethics approval. At n=50 and 80% observed, the 95% interval is about 67-89%",Biostatistics; gynaecologic oncology
C11,Alerts would have fired before delays over 14 days (H2),Thesis 52 s3.8,E0,Study 2 protocol,Not run; counterfactual estimate only,Health services research
C12,The schema and loop transfer across pathologies (H3),Thesis 52 s3.9,E0,Study 3 protocol,Not run. A second case board was built by the same author and agent; it is not in this branch,Software engineering; clinical informatics
C13,Earlier palliative referral improves quality of life (H4),Thesis 52 s3.10,E0,Study 4 protocol,Exploratory only; historical control is confounded,Palliative care; biostatistics
C14,Real CCLE metabolomics raises structurally identifiable parameters from 7/17 to 15/17,README key result,E2,"CCLE_metabolomics_20190502.csv, 225 metabolites x 928 cell lines",Author-stated; not re-run by the reviewer,Identifiability; computational biology
C15,Effect sizes on the case-board forest plot (for example hazard ratios and 36-month OS),apps/case_board/demo.html,E5 as transcribed,Transcribed from trial papers,Not re-checked against the papers,Gynaecologic oncology
C16,Biopsy specimen dimensions do not measure tumour size or FIGO stage,"Thesis 52 s3.6, s4.2",Established practice,"Staging is assigned from examination, imaging and pathology",Textbook principle; source to add,Pathology; gynaecologic oncology
